<?xml version="1.0" encoding="UTF-8"?>
<om:ObservationCollection gml:id="oc_0"
	xsi:schemaLocation="http://www.opengis.net/om/1.0 http://schemas.opengis.net/om/1.0.0/extensions/om_extended.xsd http://www.opengis.net/sampling/1.0 http://schemas.opengis.net/sampling/1.0.0/sampling.xsd"
	xmlns:om="http://www.opengis.net/om/1.0" xmlns:gml="http://www.opengis.net/gml"
	xmlns:xsi="http://www.w3.org/2001/XMLSchema-instance" xmlns:xlink="http://www.w3.org/1999/xlink"
	xmlns:ns="http://www.opengis.net/cv/0.2.1">
	<gml:boundedBy>
		<gml:Envelope srsName="urn:ogc:def:crs:EPSG::31466">
			<gml:lowerCorner>5543664.72904549 2432120.92429259</gml:lowerCorner>
			<gml:upperCorner>5743664.72904549 2632120.92429259</gml:upperCorner>
		</gml:Envelope>
	</gml:boundedBy>
	<om:member>
		<om:TimeSeriesObservation>
			<om:procedure xlink:href="WeatherradarSophienhoehe" />
			<om:resultQuality />
			<om:observedProperty xlink:href="urn:ogc:def:phenomenon:OGC:1.0.30:Reflectivity" />
			<om:featureOfInterest>
				<gml:GridCoverage gml:id="WeatherradarSophienhoehe">
					<gml:description>NOT_SET</gml:description>
					<gml:name>WeatherradarSophienhoehe</gml:name>
					<gml:boundedBy>
						<gml:Envelope>
							<gml:lowerCorner srsName="urn:ogc:def:crs:EPSG::31466">5543664.72904549
								2432120.92429259</gml:lowerCorner>
							<gml:upperCorner srsName="urn:ogc:def:crs:EPSG::31466">5743664.72904549
								2632120.92429259</gml:upperCorner>
						</gml:Envelope>
					</gml:boundedBy>
					<gml:gridDomain />
					<gml:rangeSet>
						<gml:ValueArray />
					</gml:rangeSet>
				</gml:GridCoverage>
			</om:featureOfInterest>
			<om:result>
				<ns:CV_DiscreteTimeInstantCoverage>
					<ns:element>
						<ns:CV_TimeInstantValuePair>
							<ns:geometry>
								<gml:TimeInstant>
									<gml:timePosition>2012-08-30T02:00:00.000+02:00</gml:timePosition>
								</gml:TimeInstant>
							</ns:geometry>
							<ns:value xsi:type="gml:MeasureType">30.866141732283367</ns:value>
						</ns:CV_TimeInstantValuePair>
					</ns:element>
					<ns:element>
						<ns:CV_TimeInstantValuePair>
							<ns:geometry>
								<gml:TimeInstant>
									<gml:timePosition>2012-08-30T00:40:00.000+02:00</gml:timePosition>
								</gml:TimeInstant>
							</ns:geometry>
							<ns:value xsi:type="gml:MeasureType">27.842519685039278</ns:value>
						</ns:CV_TimeInstantValuePair>
					</ns:element>
					<ns:element>
						<ns:CV_TimeInstantValuePair>
							<ns:geometry>
								<gml:TimeInstant>
									<gml:timePosition>2012-08-30T03:30:00.000+02:00</gml:timePosition>
								</gml:TimeInstant>
							</ns:geometry>
							<ns:value xsi:type="gml:MeasureType">27.842519685039278</ns:value>
						</ns:CV_TimeInstantValuePair>
					</ns:element>
					<ns:element>
						<ns:CV_TimeInstantValuePair>
							<ns:geometry>
								<gml:TimeInstant>
									<gml:timePosition>2012-08-30T03:15:00.000+02:00</gml:timePosition>
								</gml:TimeInstant>
							</ns:geometry>
							<ns:value xsi:type="gml:MeasureType">0.0</ns:value>
						</ns:CV_TimeInstantValuePair>
					</ns:element>
					<ns:element>
						<ns:CV_TimeInstantValuePair>
							<ns:geometry>
								<gml:TimeInstant>
									<gml:timePosition>2012-08-30T00:25:00.000+02:00</gml:timePosition>
								</gml:TimeInstant>
							</ns:geometry>
							<ns:value xsi:type="gml:MeasureType">0.0</ns:value>
						</ns:CV_TimeInstantValuePair>
					</ns:element>
					<ns:element>
						<ns:CV_TimeInstantValuePair>
							<ns:geometry>
								<gml:TimeInstant>
									<gml:timePosition>2012-08-30T03:00:00.000+02:00</gml:timePosition>
								</gml:TimeInstant>
							</ns:geometry>
							<ns:value xsi:type="gml:MeasureType">26.330708661417233</ns:value>
						</ns:CV_TimeInstantValuePair>
					</ns:element>
					<ns:element>
						<ns:CV_TimeInstantValuePair>
							<ns:geometry>
								<gml:TimeInstant>
									<gml:timePosition>2012-08-30T05:45:00.000+02:00</gml:timePosition>
								</gml:TimeInstant>
							</ns:geometry>
							<ns:value xsi:type="gml:MeasureType">27.842519685039278</ns:value>
						</ns:CV_TimeInstantValuePair>
					</ns:element>
					<ns:element>
						<ns:CV_TimeInstantValuePair>
							<ns:geometry>
								<gml:TimeInstant>
									<gml:timePosition>2012-08-30T06:35:00.000+02:00</gml:timePosition>
								</gml:TimeInstant>
							</ns:geometry>
							<ns:value xsi:type="gml:MeasureType">0.0</ns:value>
						</ns:CV_TimeInstantValuePair>
					</ns:element>
					<ns:element>
						<ns:CV_TimeInstantValuePair>
							<ns:geometry>
								<gml:TimeInstant>
									<gml:timePosition>2012-08-30T07:50:00.000+02:00</gml:timePosition>
								</gml:TimeInstant>
							</ns:geometry>
							<ns:value xsi:type="gml:MeasureType">24.81889763779519</ns:value>
						</ns:CV_TimeInstantValuePair>
					</ns:element>
					<ns:element>
						<ns:CV_TimeInstantValuePair>
							<ns:geometry>
								<gml:TimeInstant>
									<gml:timePosition>2012-08-30T06:30:00.000+02:00</gml:timePosition>
								</gml:TimeInstant>
							</ns:geometry>
							<ns:value xsi:type="gml:MeasureType">26.330708661417233</ns:value>
						</ns:CV_TimeInstantValuePair>
					</ns:element>
					<ns:element>
						<ns:CV_TimeInstantValuePair>
							<ns:geometry>
								<gml:TimeInstant>
									<gml:timePosition>2012-08-30T01:40:00.000+02:00</gml:timePosition>
								</gml:TimeInstant>
							</ns:geometry>
							<ns:value xsi:type="gml:MeasureType">30.866141732283367</ns:value>
						</ns:CV_TimeInstantValuePair>
					</ns:element>
					<ns:element>
						<ns:CV_TimeInstantValuePair>
							<ns:geometry>
								<gml:TimeInstant>
									<gml:timePosition>2012-08-30T02:30:00.000+02:00</gml:timePosition>
								</gml:TimeInstant>
							</ns:geometry>
							<ns:value xsi:type="gml:MeasureType">29.354330708661323</ns:value>
						</ns:CV_TimeInstantValuePair>
					</ns:element>
					<ns:element>
						<ns:CV_TimeInstantValuePair>
							<ns:geometry>
								<gml:TimeInstant>
									<gml:timePosition>2012-08-30T05:20:00.000+02:00</gml:timePosition>
								</gml:TimeInstant>
							</ns:geometry>
							<ns:value xsi:type="gml:MeasureType">27.842519685039278</ns:value>
						</ns:CV_TimeInstantValuePair>
					</ns:element>
					<ns:element>
						<ns:CV_TimeInstantValuePair>
							<ns:geometry>
								<gml:TimeInstant>
									<gml:timePosition>2012-08-30T07:40:00.000+02:00</gml:timePosition>
								</gml:TimeInstant>
							</ns:geometry>
							<ns:value xsi:type="gml:MeasureType">26.330708661417233</ns:value>
						</ns:CV_TimeInstantValuePair>
					</ns:element>
					<ns:element>
						<ns:CV_TimeInstantValuePair>
							<ns:geometry>
								<gml:TimeInstant>
									<gml:timePosition>2012-08-30T02:45:00.000+02:00</gml:timePosition>
								</gml:TimeInstant>
							</ns:geometry>
							<ns:value xsi:type="gml:MeasureType">31.62204724409439</ns:value>
						</ns:CV_TimeInstantValuePair>
					</ns:element>
					<ns:element>
						<ns:CV_TimeInstantValuePair>
							<ns:geometry>
								<gml:TimeInstant>
									<gml:timePosition>2012-08-30T07:05:00.000+02:00</gml:timePosition>
								</gml:TimeInstant>
							</ns:geometry>
							<ns:value xsi:type="gml:MeasureType">24.81889763779519</ns:value>
						</ns:CV_TimeInstantValuePair>
					</ns:element>
					<ns:element>
						<ns:CV_TimeInstantValuePair>
							<ns:geometry>
								<gml:TimeInstant>
									<gml:timePosition>2012-08-30T03:25:00.000+02:00</gml:timePosition>
								</gml:TimeInstant>
							</ns:geometry>
							<ns:value xsi:type="gml:MeasureType">28.5984251968503</ns:value>
						</ns:CV_TimeInstantValuePair>
					</ns:element>
					<ns:element>
						<ns:CV_TimeInstantValuePair>
							<ns:geometry>
								<gml:TimeInstant>
									<gml:timePosition>2012-08-30T03:55:00.000+02:00</gml:timePosition>
								</gml:TimeInstant>
							</ns:geometry>
							<ns:value xsi:type="gml:MeasureType">24.062992125984167</ns:value>
						</ns:CV_TimeInstantValuePair>
					</ns:element>
					<ns:element>
						<ns:CV_TimeInstantValuePair>
							<ns:geometry>
								<gml:TimeInstant>
									<gml:timePosition>2012-08-30T07:35:00.000+02:00</gml:timePosition>
								</gml:TimeInstant>
							</ns:geometry>
							<ns:value xsi:type="gml:MeasureType">29.354330708661323</ns:value>
						</ns:CV_TimeInstantValuePair>
					</ns:element>
					<ns:element>
						<ns:CV_TimeInstantValuePair>
							<ns:geometry>
								<gml:TimeInstant>
									<gml:timePosition>2012-08-30T05:35:00.000+02:00</gml:timePosition>
								</gml:TimeInstant>
							</ns:geometry>
							<ns:value xsi:type="gml:MeasureType">25.57480314960621</ns:value>
						</ns:CV_TimeInstantValuePair>
					</ns:element>
					<ns:element>
						<ns:CV_TimeInstantValuePair>
							<ns:geometry>
								<gml:TimeInstant>
									<gml:timePosition>2012-08-30T05:50:00.000+02:00</gml:timePosition>
								</gml:TimeInstant>
							</ns:geometry>
							<ns:value xsi:type="gml:MeasureType">26.330708661417233</ns:value>
						</ns:CV_TimeInstantValuePair>
					</ns:element>
					<ns:element>
						<ns:CV_TimeInstantValuePair>
							<ns:geometry>
								<gml:TimeInstant>
									<gml:timePosition>2012-08-30T00:05:00.000+02:00</gml:timePosition>
								</gml:TimeInstant>
							</ns:geometry>
							<ns:value xsi:type="gml:MeasureType">33.889763779527456</ns:value>
						</ns:CV_TimeInstantValuePair>
					</ns:element>
					<ns:element>
						<ns:CV_TimeInstantValuePair>
							<ns:geometry>
								<gml:TimeInstant>
									<gml:timePosition>2012-08-30T06:45:00.000+02:00</gml:timePosition>
								</gml:TimeInstant>
							</ns:geometry>
							<ns:value xsi:type="gml:MeasureType">24.81889763779519</ns:value>
						</ns:CV_TimeInstantValuePair>
					</ns:element>
					<ns:element>
						<ns:CV_TimeInstantValuePair>
							<ns:geometry>
								<gml:TimeInstant>
									<gml:timePosition>2012-08-30T06:20:00.000+02:00</gml:timePosition>
								</gml:TimeInstant>
							</ns:geometry>
							<ns:value xsi:type="gml:MeasureType">27.842519685039278</ns:value>
						</ns:CV_TimeInstantValuePair>
					</ns:element>
					<ns:element>
						<ns:CV_TimeInstantValuePair>
							<ns:geometry>
								<gml:TimeInstant>
									<gml:timePosition>2012-08-30T04:30:00.000+02:00</gml:timePosition>
								</gml:TimeInstant>
							</ns:geometry>
							<ns:value xsi:type="gml:MeasureType">25.57480314960621</ns:value>
						</ns:CV_TimeInstantValuePair>
					</ns:element>
					<ns:element>
						<ns:CV_TimeInstantValuePair>
							<ns:geometry>
								<gml:TimeInstant>
									<gml:timePosition>2012-08-30T04:35:00.000+02:00</gml:timePosition>
								</gml:TimeInstant>
							</ns:geometry>
							<ns:value xsi:type="gml:MeasureType">23.307086614173144</ns:value>
						</ns:CV_TimeInstantValuePair>
					</ns:element>
					<ns:element>
						<ns:CV_TimeInstantValuePair>
							<ns:geometry>
								<gml:TimeInstant>
									<gml:timePosition>2012-08-30T03:35:00.000+02:00</gml:timePosition>
								</gml:TimeInstant>
							</ns:geometry>
							<ns:value xsi:type="gml:MeasureType">24.81889763779519</ns:value>
						</ns:CV_TimeInstantValuePair>
					</ns:element>
					<ns:element>
						<ns:CV_TimeInstantValuePair>
							<ns:geometry>
								<gml:TimeInstant>
									<gml:timePosition>2012-08-30T03:10:00.000+02:00</gml:timePosition>
								</gml:TimeInstant>
							</ns:geometry>
							<ns:value xsi:type="gml:MeasureType">0.0</ns:value>
						</ns:CV_TimeInstantValuePair>
					</ns:element>
					<ns:element>
						<ns:CV_TimeInstantValuePair>
							<ns:geometry>
								<gml:TimeInstant>
									<gml:timePosition>2012-08-30T06:15:00.000+02:00</gml:timePosition>
								</gml:TimeInstant>
							</ns:geometry>
							<ns:value xsi:type="gml:MeasureType">25.57480314960621</ns:value>
						</ns:CV_TimeInstantValuePair>
					</ns:element>
					<ns:element>
						<ns:CV_TimeInstantValuePair>
							<ns:geometry>
								<gml:TimeInstant>
									<gml:timePosition>2012-08-30T04:50:00.000+02:00</gml:timePosition>
								</gml:TimeInstant>
							</ns:geometry>
							<ns:value xsi:type="gml:MeasureType">24.81889763779519</ns:value>
						</ns:CV_TimeInstantValuePair>
					</ns:element>
					<ns:element>
						<ns:CV_TimeInstantValuePair>
							<ns:geometry>
								<gml:TimeInstant>
									<gml:timePosition>2012-08-30T06:55:00.000+02:00</gml:timePosition>
								</gml:TimeInstant>
							</ns:geometry>
							<ns:value xsi:type="gml:MeasureType">18.77165354330701</ns:value>
						</ns:CV_TimeInstantValuePair>
					</ns:element>
					<ns:element>
						<ns:CV_TimeInstantValuePair>
							<ns:geometry>
								<gml:TimeInstant>
									<gml:timePosition>2012-08-30T04:45:00.000+02:00</gml:timePosition>
								</gml:TimeInstant>
							</ns:geometry>
							<ns:value xsi:type="gml:MeasureType">27.086614173228256</ns:value>
						</ns:CV_TimeInstantValuePair>
					</ns:element>
					<ns:element>
						<ns:CV_TimeInstantValuePair>
							<ns:geometry>
								<gml:TimeInstant>
									<gml:timePosition>2012-08-30T04:00:00.000+02:00</gml:timePosition>
								</gml:TimeInstant>
							</ns:geometry>
							<ns:value xsi:type="gml:MeasureType">20.283464566929055</ns:value>
						</ns:CV_TimeInstantValuePair>
					</ns:element>
					<ns:element>
						<ns:CV_TimeInstantValuePair>
							<ns:geometry>
								<gml:TimeInstant>
									<gml:timePosition>2012-08-30T03:40:00.000+02:00</gml:timePosition>
								</gml:TimeInstant>
							</ns:geometry>
							<ns:value xsi:type="gml:MeasureType">23.307086614173144</ns:value>
						</ns:CV_TimeInstantValuePair>
					</ns:element>
					<ns:element>
						<ns:CV_TimeInstantValuePair>
							<ns:geometry>
								<gml:TimeInstant>
									<gml:timePosition>2012-08-30T07:15:00.000+02:00</gml:timePosition>
								</gml:TimeInstant>
							</ns:geometry>
							<ns:value xsi:type="gml:MeasureType">0.0</ns:value>
						</ns:CV_TimeInstantValuePair>
					</ns:element>
					<ns:element>
						<ns:CV_TimeInstantValuePair>
							<ns:geometry>
								<gml:TimeInstant>
									<gml:timePosition>2012-08-30T02:55:00.000+02:00</gml:timePosition>
								</gml:TimeInstant>
							</ns:geometry>
							<ns:value xsi:type="gml:MeasureType">27.842519685039278</ns:value>
						</ns:CV_TimeInstantValuePair>
					</ns:element>
					<ns:element>
						<ns:CV_TimeInstantValuePair>
							<ns:geometry>
								<gml:TimeInstant>
									<gml:timePosition>2012-08-30T02:35:00.000+02:00</gml:timePosition>
								</gml:TimeInstant>
							</ns:geometry>
							<ns:value xsi:type="gml:MeasureType">30.110236220472345</ns:value>
						</ns:CV_TimeInstantValuePair>
					</ns:element>
					<ns:element>
						<ns:CV_TimeInstantValuePair>
							<ns:geometry>
								<gml:TimeInstant>
									<gml:timePosition>2012-08-30T08:05:00.000+02:00</gml:timePosition>
								</gml:TimeInstant>
							</ns:geometry>
							<ns:value xsi:type="gml:MeasureType">26.330708661417233</ns:value>
						</ns:CV_TimeInstantValuePair>
					</ns:element>
					<ns:element>
						<ns:CV_TimeInstantValuePair>
							<ns:geometry>
								<gml:TimeInstant>
									<gml:timePosition>2012-08-30T02:20:00.000+02:00</gml:timePosition>
								</gml:TimeInstant>
							</ns:geometry>
							<ns:value xsi:type="gml:MeasureType">30.110236220472345</ns:value>
						</ns:CV_TimeInstantValuePair>
					</ns:element>
					<ns:element>
						<ns:CV_TimeInstantValuePair>
							<ns:geometry>
								<gml:TimeInstant>
									<gml:timePosition>2012-08-30T08:00:00.000+02:00</gml:timePosition>
								</gml:TimeInstant>
							</ns:geometry>
							<ns:value xsi:type="gml:MeasureType">29.354330708661323</ns:value>
						</ns:CV_TimeInstantValuePair>
					</ns:element>
					<ns:element>
						<ns:CV_TimeInstantValuePair>
							<ns:geometry>
								<gml:TimeInstant>
									<gml:timePosition>2012-08-30T07:25:00.000+02:00</gml:timePosition>
								</gml:TimeInstant>
							</ns:geometry>
							<ns:value xsi:type="gml:MeasureType">25.57480314960621</ns:value>
						</ns:CV_TimeInstantValuePair>
					</ns:element>
					<ns:element>
						<ns:CV_TimeInstantValuePair>
							<ns:geometry>
								<gml:TimeInstant>
									<gml:timePosition>2012-08-30T01:55:00.000+02:00</gml:timePosition>
								</gml:TimeInstant>
							</ns:geometry>
							<ns:value xsi:type="gml:MeasureType">0.0</ns:value>
						</ns:CV_TimeInstantValuePair>
					</ns:element>
					<ns:element>
						<ns:CV_TimeInstantValuePair>
							<ns:geometry>
								<gml:TimeInstant>
									<gml:timePosition>2012-08-30T04:25:00.000+02:00</gml:timePosition>
								</gml:TimeInstant>
							</ns:geometry>
							<ns:value xsi:type="gml:MeasureType">25.57480314960621</ns:value>
						</ns:CV_TimeInstantValuePair>
					</ns:element>
					<ns:element>
						<ns:CV_TimeInstantValuePair>
							<ns:geometry>
								<gml:TimeInstant>
									<gml:timePosition>2012-08-30T04:55:00.000+02:00</gml:timePosition>
								</gml:TimeInstant>
							</ns:geometry>
							<ns:value xsi:type="gml:MeasureType">30.110236220472345</ns:value>
						</ns:CV_TimeInstantValuePair>
					</ns:element>
					<ns:element>
						<ns:CV_TimeInstantValuePair>
							<ns:geometry>
								<gml:TimeInstant>
									<gml:timePosition>2012-08-30T00:45:00.000+02:00</gml:timePosition>
								</gml:TimeInstant>
							</ns:geometry>
							<ns:value xsi:type="gml:MeasureType">30.866141732283367</ns:value>
						</ns:CV_TimeInstantValuePair>
					</ns:element>
					<ns:element>
						<ns:CV_TimeInstantValuePair>
							<ns:geometry>
								<gml:TimeInstant>
									<gml:timePosition>2012-08-30T04:10:00.000+02:00</gml:timePosition>
								</gml:TimeInstant>
							</ns:geometry>
							<ns:value xsi:type="gml:MeasureType">25.57480314960621</ns:value>
						</ns:CV_TimeInstantValuePair>
					</ns:element>
					<ns:element>
						<ns:CV_TimeInstantValuePair>
							<ns:geometry>
								<gml:TimeInstant>
									<gml:timePosition>2012-08-30T06:50:00.000+02:00</gml:timePosition>
								</gml:TimeInstant>
							</ns:geometry>
							<ns:value xsi:type="gml:MeasureType">26.330708661417233</ns:value>
						</ns:CV_TimeInstantValuePair>
					</ns:element>
					<ns:element>
						<ns:CV_TimeInstantValuePair>
							<ns:geometry>
								<gml:TimeInstant>
									<gml:timePosition>2012-08-30T06:05:00.000+02:00</gml:timePosition>
								</gml:TimeInstant>
							</ns:geometry>
							<ns:value xsi:type="gml:MeasureType">25.57480314960621</ns:value>
						</ns:CV_TimeInstantValuePair>
					</ns:element>
					<ns:element>
						<ns:CV_TimeInstantValuePair>
							<ns:geometry>
								<gml:TimeInstant>
									<gml:timePosition>2012-08-30T05:40:00.000+02:00</gml:timePosition>
								</gml:TimeInstant>
							</ns:geometry>
							<ns:value xsi:type="gml:MeasureType">0.0</ns:value>
						</ns:CV_TimeInstantValuePair>
					</ns:element>
					<ns:element>
						<ns:CV_TimeInstantValuePair>
							<ns:geometry>
								<gml:TimeInstant>
									<gml:timePosition>2012-08-30T07:55:00.000+02:00</gml:timePosition>
								</gml:TimeInstant>
							</ns:geometry>
							<ns:value xsi:type="gml:MeasureType">26.330708661417233</ns:value>
						</ns:CV_TimeInstantValuePair>
					</ns:element>
					<ns:element>
						<ns:CV_TimeInstantValuePair>
							<ns:geometry>
								<gml:TimeInstant>
									<gml:timePosition>2012-08-30T02:50:00.000+02:00</gml:timePosition>
								</gml:TimeInstant>
							</ns:geometry>
							<ns:value xsi:type="gml:MeasureType">31.62204724409439</ns:value>
						</ns:CV_TimeInstantValuePair>
					</ns:element>
					<ns:element>
						<ns:CV_TimeInstantValuePair>
							<ns:geometry>
								<gml:TimeInstant>
									<gml:timePosition>2012-08-30T01:15:00.000+02:00</gml:timePosition>
								</gml:TimeInstant>
							</ns:geometry>
							<ns:value xsi:type="gml:MeasureType">0.0</ns:value>
						</ns:CV_TimeInstantValuePair>
					</ns:element>
					<ns:element>
						<ns:CV_TimeInstantValuePair>
							<ns:geometry>
								<gml:TimeInstant>
									<gml:timePosition>2012-08-30T03:05:00.000+02:00</gml:timePosition>
								</gml:TimeInstant>
							</ns:geometry>
							<ns:value xsi:type="gml:MeasureType">28.5984251968503</ns:value>
						</ns:CV_TimeInstantValuePair>
					</ns:element>
					<ns:element>
						<ns:CV_TimeInstantValuePair>
							<ns:geometry>
								<gml:TimeInstant>
									<gml:timePosition>2012-08-30T01:20:00.000+02:00</gml:timePosition>
								</gml:TimeInstant>
							</ns:geometry>
							<ns:value xsi:type="gml:MeasureType">27.842519685039278</ns:value>
						</ns:CV_TimeInstantValuePair>
					</ns:element>
					<ns:element>
						<ns:CV_TimeInstantValuePair>
							<ns:geometry>
								<gml:TimeInstant>
									<gml:timePosition>2012-08-30T02:15:00.000+02:00</gml:timePosition>
								</gml:TimeInstant>
							</ns:geometry>
							<ns:value xsi:type="gml:MeasureType">30.110236220472345</ns:value>
						</ns:CV_TimeInstantValuePair>
					</ns:element>
					<ns:element>
						<ns:CV_TimeInstantValuePair>
							<ns:geometry>
								<gml:TimeInstant>
									<gml:timePosition>2012-08-30T04:15:00.000+02:00</gml:timePosition>
								</gml:TimeInstant>
							</ns:geometry>
							<ns:value xsi:type="gml:MeasureType">26.330708661417233</ns:value>
						</ns:CV_TimeInstantValuePair>
					</ns:element>
					<ns:element>
						<ns:CV_TimeInstantValuePair>
							<ns:geometry>
								<gml:TimeInstant>
									<gml:timePosition>2012-08-30T02:25:00.000+02:00</gml:timePosition>
								</gml:TimeInstant>
							</ns:geometry>
							<ns:value xsi:type="gml:MeasureType">0.0</ns:value>
						</ns:CV_TimeInstantValuePair>
					</ns:element>
					<ns:element>
						<ns:CV_TimeInstantValuePair>
							<ns:geometry>
								<gml:TimeInstant>
									<gml:timePosition>2012-08-30T05:15:00.000+02:00</gml:timePosition>
								</gml:TimeInstant>
							</ns:geometry>
							<ns:value xsi:type="gml:MeasureType">24.062992125984167</ns:value>
						</ns:CV_TimeInstantValuePair>
					</ns:element>
					<ns:element>
						<ns:CV_TimeInstantValuePair>
							<ns:geometry>
								<gml:TimeInstant>
									<gml:timePosition>2012-08-30T01:30:00.000+02:00</gml:timePosition>
								</gml:TimeInstant>
							</ns:geometry>
							<ns:value xsi:type="gml:MeasureType">27.842519685039278</ns:value>
						</ns:CV_TimeInstantValuePair>
					</ns:element>
					<ns:element>
						<ns:CV_TimeInstantValuePair>
							<ns:geometry>
								<gml:TimeInstant>
									<gml:timePosition>2012-08-30T03:20:00.000+02:00</gml:timePosition>
								</gml:TimeInstant>
							</ns:geometry>
							<ns:value xsi:type="gml:MeasureType">26.330708661417233</ns:value>
						</ns:CV_TimeInstantValuePair>
					</ns:element>
					<ns:element>
						<ns:CV_TimeInstantValuePair>
							<ns:geometry>
								<gml:TimeInstant>
									<gml:timePosition>2012-08-30T00:55:00.000+02:00</gml:timePosition>
								</gml:TimeInstant>
							</ns:geometry>
							<ns:value xsi:type="gml:MeasureType">30.110236220472345</ns:value>
						</ns:CV_TimeInstantValuePair>
					</ns:element>
					<ns:element>
						<ns:CV_TimeInstantValuePair>
							<ns:geometry>
								<gml:TimeInstant>
									<gml:timePosition>2012-08-30T03:50:00.000+02:00</gml:timePosition>
								</gml:TimeInstant>
							</ns:geometry>
							<ns:value xsi:type="gml:MeasureType">0.0</ns:value>
						</ns:CV_TimeInstantValuePair>
					</ns:element>
					<ns:element>
						<ns:CV_TimeInstantValuePair>
							<ns:geometry>
								<gml:TimeInstant>
									<gml:timePosition>2012-08-30T05:55:00.000+02:00</gml:timePosition>
								</gml:TimeInstant>
							</ns:geometry>
							<ns:value xsi:type="gml:MeasureType">25.57480314960621</ns:value>
						</ns:CV_TimeInstantValuePair>
					</ns:element>
					<ns:element>
						<ns:CV_TimeInstantValuePair>
							<ns:geometry>
								<gml:TimeInstant>
									<gml:timePosition>2012-08-30T04:40:00.000+02:00</gml:timePosition>
								</gml:TimeInstant>
							</ns:geometry>
							<ns:value xsi:type="gml:MeasureType">25.57480314960621</ns:value>
						</ns:CV_TimeInstantValuePair>
					</ns:element>
					<ns:element>
						<ns:CV_TimeInstantValuePair>
							<ns:geometry>
								<gml:TimeInstant>
									<gml:timePosition>2012-08-30T00:10:00.000+02:00</gml:timePosition>
								</gml:TimeInstant>
							</ns:geometry>
							<ns:value xsi:type="gml:MeasureType">0.0</ns:value>
						</ns:CV_TimeInstantValuePair>
					</ns:element>
					<ns:element>
						<ns:CV_TimeInstantValuePair>
							<ns:geometry>
								<gml:TimeInstant>
									<gml:timePosition>2012-08-30T01:00:00.000+02:00</gml:timePosition>
								</gml:TimeInstant>
							</ns:geometry>
							<ns:value xsi:type="gml:MeasureType">24.81889763779519</ns:value>
						</ns:CV_TimeInstantValuePair>
					</ns:element>
					<ns:element>
						<ns:CV_TimeInstantValuePair>
							<ns:geometry>
								<gml:TimeInstant>
									<gml:timePosition>2012-08-30T02:05:00.000+02:00</gml:timePosition>
								</gml:TimeInstant>
							</ns:geometry>
							<ns:value xsi:type="gml:MeasureType">26.330708661417233</ns:value>
						</ns:CV_TimeInstantValuePair>
					</ns:element>
					<ns:element>
						<ns:CV_TimeInstantValuePair>
							<ns:geometry>
								<gml:TimeInstant>
									<gml:timePosition>2012-08-30T03:45:00.000+02:00</gml:timePosition>
								</gml:TimeInstant>
							</ns:geometry>
							<ns:value xsi:type="gml:MeasureType">22.551181102362122</ns:value>
						</ns:CV_TimeInstantValuePair>
					</ns:element>
					<ns:element>
						<ns:CV_TimeInstantValuePair>
							<ns:geometry>
								<gml:TimeInstant>
									<gml:timePosition>2012-08-30T07:30:00.000+02:00</gml:timePosition>
								</gml:TimeInstant>
							</ns:geometry>
							<ns:value xsi:type="gml:MeasureType">27.086614173228256</ns:value>
						</ns:CV_TimeInstantValuePair>
					</ns:element>
					<ns:element>
						<ns:CV_TimeInstantValuePair>
							<ns:geometry>
								<gml:TimeInstant>
									<gml:timePosition>2012-08-30T04:05:00.000+02:00</gml:timePosition>
								</gml:TimeInstant>
							</ns:geometry>
							<ns:value xsi:type="gml:MeasureType">21.7952755905511</ns:value>
						</ns:CV_TimeInstantValuePair>
					</ns:element>
					<ns:element>
						<ns:CV_TimeInstantValuePair>
							<ns:geometry>
								<gml:TimeInstant>
									<gml:timePosition>2012-08-30T06:40:00.000+02:00</gml:timePosition>
								</gml:TimeInstant>
							</ns:geometry>
							<ns:value xsi:type="gml:MeasureType">27.086614173228256</ns:value>
						</ns:CV_TimeInstantValuePair>
					</ns:element>
					<ns:element>
						<ns:CV_TimeInstantValuePair>
							<ns:geometry>
								<gml:TimeInstant>
									<gml:timePosition>2012-08-30T01:50:00.000+02:00</gml:timePosition>
								</gml:TimeInstant>
							</ns:geometry>
							<ns:value xsi:type="gml:MeasureType">25.57480314960621</ns:value>
						</ns:CV_TimeInstantValuePair>
					</ns:element>
					<ns:element>
						<ns:CV_TimeInstantValuePair>
							<ns:geometry>
								<gml:TimeInstant>
									<gml:timePosition>2012-08-30T06:25:00.000+02:00</gml:timePosition>
								</gml:TimeInstant>
							</ns:geometry>
							<ns:value xsi:type="gml:MeasureType">26.330708661417233</ns:value>
						</ns:CV_TimeInstantValuePair>
					</ns:element>
					<ns:element>
						<ns:CV_TimeInstantValuePair>
							<ns:geometry>
								<gml:TimeInstant>
									<gml:timePosition>2012-08-30T04:20:00.000+02:00</gml:timePosition>
								</gml:TimeInstant>
							</ns:geometry>
							<ns:value xsi:type="gml:MeasureType">27.842519685039278</ns:value>
						</ns:CV_TimeInstantValuePair>
					</ns:element>
					<ns:element>
						<ns:CV_TimeInstantValuePair>
							<ns:geometry>
								<gml:TimeInstant>
									<gml:timePosition>2012-08-30T07:10:00.000+02:00</gml:timePosition>
								</gml:TimeInstant>
							</ns:geometry>
							<ns:value xsi:type="gml:MeasureType">24.81889763779519</ns:value>
						</ns:CV_TimeInstantValuePair>
					</ns:element>
					<ns:element>
						<ns:CV_TimeInstantValuePair>
							<ns:geometry>
								<gml:TimeInstant>
									<gml:timePosition>2012-08-30T06:10:00.000+02:00</gml:timePosition>
								</gml:TimeInstant>
							</ns:geometry>
							<ns:value xsi:type="gml:MeasureType">25.57480314960621</ns:value>
						</ns:CV_TimeInstantValuePair>
					</ns:element>
					<ns:element>
						<ns:CV_TimeInstantValuePair>
							<ns:geometry>
								<gml:TimeInstant>
									<gml:timePosition>2012-08-30T06:00:00.000+02:00</gml:timePosition>
								</gml:TimeInstant>
							</ns:geometry>
							<ns:value xsi:type="gml:MeasureType">26.330708661417233</ns:value>
						</ns:CV_TimeInstantValuePair>
					</ns:element>
					<ns:element>
						<ns:CV_TimeInstantValuePair>
							<ns:geometry>
								<gml:TimeInstant>
									<gml:timePosition>2012-08-30T00:35:00.000+02:00</gml:timePosition>
								</gml:TimeInstant>
							</ns:geometry>
							<ns:value xsi:type="gml:MeasureType">27.086614173228256</ns:value>
						</ns:CV_TimeInstantValuePair>
					</ns:element>
					<ns:element>
						<ns:CV_TimeInstantValuePair>
							<ns:geometry>
								<gml:TimeInstant>
									<gml:timePosition>2012-08-30T01:35:00.000+02:00</gml:timePosition>
								</gml:TimeInstant>
							</ns:geometry>
							<ns:value xsi:type="gml:MeasureType">0.0</ns:value>
						</ns:CV_TimeInstantValuePair>
					</ns:element>
					<ns:element>
						<ns:CV_TimeInstantValuePair>
							<ns:geometry>
								<gml:TimeInstant>
									<gml:timePosition>2012-08-30T05:25:00.000+02:00</gml:timePosition>
								</gml:TimeInstant>
							</ns:geometry>
							<ns:value xsi:type="gml:MeasureType">21.039370078740077</ns:value>
						</ns:CV_TimeInstantValuePair>
					</ns:element>
					<ns:element>
						<ns:CV_TimeInstantValuePair>
							<ns:geometry>
								<gml:TimeInstant>
									<gml:timePosition>2012-08-30T02:40:00.000+02:00</gml:timePosition>
								</gml:TimeInstant>
							</ns:geometry>
							<ns:value xsi:type="gml:MeasureType">32.37795275590541</ns:value>
						</ns:CV_TimeInstantValuePair>
					</ns:element>
					<ns:element>
						<ns:CV_TimeInstantValuePair>
							<ns:geometry>
								<gml:TimeInstant>
									<gml:timePosition>2012-08-30T01:25:00.000+02:00</gml:timePosition>
								</gml:TimeInstant>
							</ns:geometry>
							<ns:value xsi:type="gml:MeasureType">29.354330708661323</ns:value>
						</ns:CV_TimeInstantValuePair>
					</ns:element>
					<ns:element>
						<ns:CV_TimeInstantValuePair>
							<ns:geometry>
								<gml:TimeInstant>
									<gml:timePosition>2012-08-30T05:10:00.000+02:00</gml:timePosition>
								</gml:TimeInstant>
							</ns:geometry>
							<ns:value xsi:type="gml:MeasureType">23.307086614173144</ns:value>
						</ns:CV_TimeInstantValuePair>
					</ns:element>
					<ns:element>
						<ns:CV_TimeInstantValuePair>
							<ns:geometry>
								<gml:TimeInstant>
									<gml:timePosition>2012-08-30T01:45:00.000+02:00</gml:timePosition>
								</gml:TimeInstant>
							</ns:geometry>
							<ns:value xsi:type="gml:MeasureType">27.842519685039278</ns:value>
						</ns:CV_TimeInstantValuePair>
					</ns:element>
					<ns:element>
						<ns:CV_TimeInstantValuePair>
							<ns:geometry>
								<gml:TimeInstant>
									<gml:timePosition>2012-08-30T00:20:00.000+02:00</gml:timePosition>
								</gml:TimeInstant>
							</ns:geometry>
							<ns:value xsi:type="gml:MeasureType">29.354330708661323</ns:value>
						</ns:CV_TimeInstantValuePair>
					</ns:element>
					<ns:element>
						<ns:CV_TimeInstantValuePair>
							<ns:geometry>
								<gml:TimeInstant>
									<gml:timePosition>2012-08-30T07:00:00.000+02:00</gml:timePosition>
								</gml:TimeInstant>
							</ns:geometry>
							<ns:value xsi:type="gml:MeasureType">27.086614173228256</ns:value>
						</ns:CV_TimeInstantValuePair>
					</ns:element>
					<ns:element>
						<ns:CV_TimeInstantValuePair>
							<ns:geometry>
								<gml:TimeInstant>
									<gml:timePosition>2012-08-30T02:10:00.000+02:00</gml:timePosition>
								</gml:TimeInstant>
							</ns:geometry>
							<ns:value xsi:type="gml:MeasureType">30.110236220472345</ns:value>
						</ns:CV_TimeInstantValuePair>
					</ns:element>
					<ns:element>
						<ns:CV_TimeInstantValuePair>
							<ns:geometry>
								<gml:TimeInstant>
									<gml:timePosition>2012-08-30T01:05:00.000+02:00</gml:timePosition>
								</gml:TimeInstant>
							</ns:geometry>
							<ns:value xsi:type="gml:MeasureType">28.5984251968503</ns:value>
						</ns:CV_TimeInstantValuePair>
					</ns:element>
					<ns:element>
						<ns:CV_TimeInstantValuePair>
							<ns:geometry>
								<gml:TimeInstant>
									<gml:timePosition>2012-08-30T07:45:00.000+02:00</gml:timePosition>
								</gml:TimeInstant>
							</ns:geometry>
							<ns:value xsi:type="gml:MeasureType">26.330708661417233</ns:value>
						</ns:CV_TimeInstantValuePair>
					</ns:element>
					<ns:element>
						<ns:CV_TimeInstantValuePair>
							<ns:geometry>
								<gml:TimeInstant>
									<gml:timePosition>2012-08-30T07:20:00.000+02:00</gml:timePosition>
								</gml:TimeInstant>
							</ns:geometry>
							<ns:value xsi:type="gml:MeasureType">28.5984251968503</ns:value>
						</ns:CV_TimeInstantValuePair>
					</ns:element>
					<ns:element>
						<ns:CV_TimeInstantValuePair>
							<ns:geometry>
								<gml:TimeInstant>
									<gml:timePosition>2012-08-30T00:15:00.000+02:00</gml:timePosition>
								</gml:TimeInstant>
							</ns:geometry>
							<ns:value xsi:type="gml:MeasureType">29.354330708661323</ns:value>
						</ns:CV_TimeInstantValuePair>
					</ns:element>
					<ns:element>
						<ns:CV_TimeInstantValuePair>
							<ns:geometry>
								<gml:TimeInstant>
									<gml:timePosition>2012-08-30T00:50:00.000+02:00</gml:timePosition>
								</gml:TimeInstant>
							</ns:geometry>
							<ns:value xsi:type="gml:MeasureType">28.5984251968503</ns:value>
						</ns:CV_TimeInstantValuePair>
					</ns:element>
					<ns:element>
						<ns:CV_TimeInstantValuePair>
							<ns:geometry>
								<gml:TimeInstant>
									<gml:timePosition>2012-08-30T01:10:00.000+02:00</gml:timePosition>
								</gml:TimeInstant>
							</ns:geometry>
							<ns:value xsi:type="gml:MeasureType">30.866141732283367</ns:value>
						</ns:CV_TimeInstantValuePair>
					</ns:element>
					<ns:element>
						<ns:CV_TimeInstantValuePair>
							<ns:geometry>
								<gml:TimeInstant>
									<gml:timePosition>2012-08-30T05:30:00.000+02:00</gml:timePosition>
								</gml:TimeInstant>
							</ns:geometry>
							<ns:value xsi:type="gml:MeasureType">27.086614173228256</ns:value>
						</ns:CV_TimeInstantValuePair>
					</ns:element>
					<ns:element>
						<ns:CV_TimeInstantValuePair>
							<ns:geometry>
								<gml:TimeInstant>
									<gml:timePosition>2012-08-30T05:05:00.000+02:00</gml:timePosition>
								</gml:TimeInstant>
							</ns:geometry>
							<ns:value xsi:type="gml:MeasureType">26.330708661417233</ns:value>
						</ns:CV_TimeInstantValuePair>
					</ns:element>
					<ns:element>
						<ns:CV_TimeInstantValuePair>
							<ns:geometry>
								<gml:TimeInstant>
									<gml:timePosition>2012-08-30T00:30:00.000+02:00</gml:timePosition>
								</gml:TimeInstant>
							</ns:geometry>
							<ns:value xsi:type="gml:MeasureType">30.110236220472345</ns:value>
						</ns:CV_TimeInstantValuePair>
					</ns:element>
					<ns:element>
						<ns:CV_TimeInstantValuePair>
							<ns:geometry>
								<gml:TimeInstant>
									<gml:timePosition>2012-08-30T05:00:00.000+02:00</gml:timePosition>
								</gml:TimeInstant>
							</ns:geometry>
							<ns:value xsi:type="gml:MeasureType">27.086614173228256</ns:value>
						</ns:CV_TimeInstantValuePair>
					</ns:element>
				</ns:CV_DiscreteTimeInstantCoverage>
			</om:result>
		</om:TimeSeriesObservation>
	</om:member>
</om:ObservationCollection>
